SNPID,CHR,Effect.allele,EAF,Beta,SE,Z,P.value,Nearest.gene,Within.gene,var_name,Effect.Gwas,Baseline.Gwas,Freq.Gwas,beta.Gwas,SE.Gwas,P.value.Gwas,SNP.iCOGs,chr.iCOGs,Position.iCOGs,Effect.iCOGs,Baseline.iCOGs,EAFcontrols.iCOGs,EAFcases.iCOGs,r2.iCOGs,NumCalled.iCOGs,beta.iCOGs,SE.iCOGs,SE_LRT.iCOGs,chi2.iCOGs,LRT.iCOGs,P1df_risk_chi.iCOGs,P1df_risk_LRT.iCOGs,SNP.Onco,chr.Onco,Position.Onco,Effect.Onco,Baseline.Onco,EAFcontrols.Onco,EAFcases.Onco,r2.Onco,NumCalled.Onco,beta.Onco,SE.Onco,SE_LRT.Onco,chi2.Onco,LRT.Onco,P1df_risk_chi.Onco,P1df_risk_LRT.Onco,Effect.Meta,Baseline.Meta,Beta.meta,var.meta,sdE.meta,chi.meta,p.meta,dir.meta
rs10474277,5,A,0.884,-0.0197,0.0035,-5.64,1.69E-08,TMEM161B,NO,5_87714704_A_G,G,A,0.1182,0.0453,0.0274,0.0988,rs10474277:87714704:A:G,5,87714704,G,A,0.115185,0.116692,0.973542,76167,0.00555152,0.0166116,0.016611567,0.111687,0.111687,0.738232,0.738232,rs10474277:87714704:A:G,5,87714704,G,A,0.126214,0.130603,0.977228,138508,0.00921226,0.011986,0.011984011,0.590727,0.590919,0.442138,0.442064,G,A,0.011863915,8.54E-05,0.00924294,1.647539143,0.199294,+++
rs1076884,16,C,0.225,0.015,0.0027,5.61,2.07E-08,ERCC4,NO,16_13747803_C_G,G,C,0.7682,-0.0148,0.021,0.4822,rs1076884:13747803:C:G,16,13747803,G,C,0.769904,0.768928,0.878229,76167,0.00119834,0.0132106,0.013210594,0.0082284,0.0082284,0.927723,0.927723,rs1076884:13747803:C:G,16,13747803,G,C,0.765211,0.763707,0.994685,138508,0.000786981,0.00933248,0.009332565,0.00711107,0.00711093,0.932796,0.932797,G,C,-0.000790845,5.23E-05,0.007230956,0.011961644,0.91291,-++
rs10819272,9,T,0.574,0.0128,0.0023,5.69,1.30E-08,GARNL3,NO,9_129954334_T_C,C,T,0.4197,-0.0138,0.0178,0.4372,rs10819272,9,129954334,C,T,0.408179,0.411732,1,76167,0.00542136,0.0106382,0.010638178,0.259707,0.259706,0.610322,0.610322,rs10819272:129954334:T:C,9,129954334,C,T,0.400474,0.400086,0.921205,138508,0.00651929,0.00838725,0.008386973,0.604174,0.604213,0.43699,0.436975,C,T,0.00385783,3.89E-05,0.006236444,0.382659192,0.536184,-++
rs10891547,11,A,0.508,-0.0126,0.0022,-5.66,1.56E-08,ANKK1,YES,11_113267218_C_A,A,C,0.5038,-0.023,0.0174,0.1869,rs10891547:113267218:C:A,11,113267218,A,C,0.503984,0.505123,0.98882,76167,0.00373359,0.0104882,0.010488233,0.126721,0.126721,0.721856,0.721856,rs10891547:113267218:C:A,11,113267218,A,C,0.511531,0.510075,0.99617,138508,-0.00333412,0.00789101,0.007890994,0.178524,0.178525,0.672645,0.672644,A,C,-0.003208212,3.58E-05,0.005983788,0.287457644,0.591854,-+-
rs11071294,15,A,0.774,0.0145,0.0027,5.45,4.97E-08,TCF12,NO,15_57077558_T_A,A,T,0.7837,0.0092,0.0231,0.6905,rs11071294:57077558:T:A,15,57077558,A,T,0.781147,0.780255,0.902214,76167,0.00531993,0.0132895,0.013289488,0.160248,0.160249,0.688928,0.688927,rs11071294:57077558:T:A,15,57077558,A,T,0.786953,0.787692,0.997431,138508,0.003434,0.00963907,0.009639491,0.12692,0.126909,0.721647,0.721659,A,T,0.004566251,5.56E-05,0.007457157,0.374949682,0.540319,+++
rs113079736,16,A,0.402,-0.0151,0.0023,-6.64,3.14E-11,TUFM,NO,16_28860183_G_A,A,G,0.3976,-0.0037,0.0182,0.8372,rs113079736:28860183:G:A,16,28860183,A,G,0.398418,0.396952,0.998396,76167,0.00258843,0.0107119,0.010711908,0.05839,0.0583901,0.809059,0.809059,rs113079736:28860183:G:A,16,28860183,A,G,0.392761,0.389402,0.995716,138508,0.00793475,0.00811942,0.008119028,0.955029,0.955121,0.328443,0.328419,A,G,0.004983051,3.79E-05,0.006152868,0.655896753,0.418012,-++
rs113443718,16,A,0.31,-0.0191,0.0024,-7.9,2.81E-15,SEZ6L2,YES,16_29892184_G_A,A,G,0.3094,-0.0016,0.0195,0.9331,rs113443718:29892184:G:A,16,29892184,A,G,0.26252,0.260358,0.5675,76167,-0.00541179,0.0158981,0.015898131,0.115875,0.115875,0.733552,0.733552,rs113443718:29892184:G:A,16,29892184,A,G,0.303263,0.296516,0.975444,138508,-0.0132329,0.00872638,0.008727318,2.29956,2.29905,0.129411,0.129453,A,G,-0.010202201,5.16E-05,0.00718657,2.015322042,0.155718,---
rs113659074,4,T,0.061,-0.0459,0.0047,-9.81,9.93E-23,ADH1C,NO,4_100252308_G_T,T,G,0.0711,-0.014,0.0355,0.6933,rs113659074:100252308:G:T,4,100252308,T,G,0.070081,0.0739441,0.90917,76167,0.00104293,0.0213348,0.021334817,0.00238963,0.00238964,0.961012,0.961012,rs113659074:100252308:G:T,4,100252308,T,G,0.0679824,0.0740338,0.992457,138508,0.0299291,0.0156228,0.015612232,3.67001,3.675,0.0553999,0.0552343,T,G,0.016390392,0.000143566,0.011981888,1.871234499,0.171334,-++
rs114112910,4,A,0.983,-0.0492,0.0086,-5.72,1.08E-08,ADH7,NO,4_100313350_A_G,G,A,0.0129,-0.0855,0.1197,0.4753,rs114112910:100313350:A:G,4,100313350,G,A,0.00685656,0.00676419,0.559001,76167,-0.0306048,0.0843946,0.084393404,0.131507,0.131511,0.716875,0.71687,rs114112910:100313350:A:G,4,100313350,G,A,0.0115807,0.0111951,0.803477,138508,-0.00443789,0.0413583,0.041361604,0.011514,0.0115122,0.914548,0.914555,G,A,-0.015644724,0.001276522,0.035728454,0.191737632,0.661474,---
rs11604680,11,A,0.679,0.0199,0.0024,8.34,7.34E-17,RAPSN,NO,11_47457539_A_G,G,A,0.3224,0.0335,0.0187,0.07309,rs11604680:47457539:A:G,11,47457539,G,A,0.322314,0.326988,0.990427,76167,0.0201287,0.0112197,0.011219464,3.21863,3.21875,0.0728045,0.0727992,rs11604680:47457539:A:G,11,47457539,G,A,0.326339,0.32201,0.998042,138508,-0.0102099,0.00840784,0.008408495,1.4746,1.47437,0.224621,0.224657,G,A,0.00414088,4.08E-05,0.006389982,0.41993874,0.516968,++-
rs11692435,2,A,0.084,0.0257,0.004,6.38,1.81E-10,ACTR1B,YES,2_98275354_G_A,A,G,0.1067,-0.0348,0.0299,0.2441,rs11692435,2,98275354,A,G,0.103337,0.104136,1,76167,0.0033366,0.0173071,0.017307143,0.0371672,0.037167,0.847125,0.847125,rs11692435,2,98275354,A,G,0.0915164,0.0882559,1,138508,-0.0140069,0.0138557,0.013858847,1.02193,1.02148,0.312062,0.312168,A,G,-0.010250605,0.000105455,0.010269121,0.996397031,0.318184,-+-
rs11773627,7,T,0.807,-0.0162,0.0028,-5.74,9.41E-09,MAD1L1,YES,7_2002733_T_C,C,T,0.213,-0.0354,0.0218,0.1042,rs11773627:2002733:T:C,7,2002733,C,T,0.214326,0.213179,0.975737,76167,-0.0132773,0.0129146,0.012914403,1.05695,1.05699,0.303912,0.303903,rs11773627:2002733:T:C,7,2002733,C,T,0.219407,0.222052,0.992052,138508,0.00281164,0.00957174,0.009571411,0.0862852,0.0862914,0.768954,0.768946,C,T,-0.006208402,5.36E-05,0.007317835,0.719771078,0.396219,--+
rs11940694,4,A,0.393,-0.0307,0.0023,-13.45,2.95E-41,KLB,YES,4_39414993_A_G,G,A,0.5799,-0.0034,0.018,0.8503,rs11940694:39414993:A:G,4,39414993,G,A,0.562542,0.562443,0.767859,76167,-0.0126616,0.012097,0.012096911,1.09552,1.09554,0.295251,0.295247,rs11940694,4,39414993,G,A,0.588082,0.581916,1,138508,-0.00657587,0.00802043,0.008020242,0.672219,0.672251,0.412279,0.412268,G,A,-0.007844809,4.00E-05,0.006324107,1.538743835,0.214805,---
rs12124523,1,T,0.109,-0.0229,0.0036,-6.39,1.67E-10,NEGR1,YES,1_72621463_C_T,T,C,0.1027,-0.0148,0.0322,0.6448,rs12124523:72621463:C:T,1,72621463,T,C,0.0970246,0.096101,0.858283,76167,-0.0192062,0.0188654,0.018864908,1.03646,1.03651,0.308646,0.308635,rs12124523:72621463:C:T,1,72621463,T,C,0.0960587,0.095288,0.877785,138508,-0.00416515,0.0142084,0.014209373,0.0859353,0.0859234,0.76941,0.769425,T,C,-0.010108647,0.00011669,0.010802303,0.875695919,0.349383,---
rs1229984,4,T,0.023,-0.2266,0.0075,-30.31,7.80E-202,ADH1B,YES,4_100239319_T_C,C,T,0.9621,-0.0475,0.0537,0.377,rs1229984:100239319:T:C,4,100239319,C,T,0.954012,0.952007,0.735224,76167,0.0298811,0.0294369,0.02943715,1.03041,1.03039,0.310062,0.310067,rs1229984:100239319:T:C,4,100239319,C,T,0.958195,0.950516,0.912282,138508,-0.0453916,0.0206444,0.020619747,4.83445,4.84601,0.0278965,0.0277102,C,T,-0.023012687,0.000263795,0.016241774,2.007556201,0.156517,-+-
rs1230148,4,T,0.364,-0.0138,0.0023,-5.97,2.40E-09,METAP1,NO,4_99877402_T_G,G,T,0.6469,-0.0173,0.0185,0.3506,rs1230148:99877402:T:G,4,99877402,G,T,0.631748,0.627646,0.717675,76167,-0.0180206,0.0127964,0.012796217,1.9832,1.98324,0.159054,0.159049,rs1230148:99877402:T:G,4,99877402,G,T,0.63237,0.628916,0.919017,138508,-0.015515,0.00851506,0.008514193,3.31992,3.3206,0.0684452,0.0684169,G,T,-0.016399698,4.46E-05,0.00668179,6.024014506,0.0141125,---
rs1260326,2,T,0.393,-0.0349,0.0023,-15.29,9.60E-53,GCKR,YES,2_27730940_T_C,C,T,0.602,0.03,0.0179,0.09359,rs1260326,2,27730940,C,T,0.612156,0.608334,1,76167,-0.00461744,0.0107559,0.010755902,0.184293,0.184293,0.66771,0.66771,rs1260326:27730940:T:C,2,27730940,C,T,0.592874,0.588634,0.969064,138508,0.0144379,0.00820725,0.008207487,3.09466,3.09448,0.0785496,0.0785582,C,T,0.009947966,3.83E-05,0.006188074,2.584387098,0.107922,+-+
rs12673949,7,A,0.724,0.0144,0.0025,5.77,7.87E-09,HIBADH,YES,7_27600634_G_A,A,G,0.7321,-0.0278,0.0197,0.1579,rs12673949:27600634:G:A,7,27600634,A,G,0.728507,0.722857,0.99303,76167,-0.0385105,0.0118023,0.011801327,10.647,10.6487,0.0011025,0.00110148,rs12673949:27600634:G:A,7,27600634,A,G,0.730727,0.731091,0.994378,138508,-0.00858552,0.00893841,0.008937569,0.922599,0.922772,0.336793,0.336748,A,G,-0.020318832,4.57E-05,0.006762806,9.027004103,0.0026602,---
rs13013484,2,A,0.727,-0.0157,0.0025,-6.28,3.31E-10,MRPL33,NO,2_27988821_G_A,A,G,0.7252,-0.0308,0.0195,0.1144,rs13013484,2,27988821,A,G,0.722473,0.718624,1,76167,-0.0121702,0.0116428,0.01164274,1.09265,1.09266,0.295885,0.295883,rs13013484,2,27988821,A,G,0.727575,0.726715,1,138508,-0.0123822,0.00884521,0.008843977,1.95966,1.9602,0.16155,0.161492,A,G,-0.014299227,4.47E-05,0.006685727,4.574333106,0.0324544,---
rs13107325,4,T,0.074,-0.0436,0.0043,-10.25,1.20E-24,SLC39A8,YES,4_103188709_C_T,T,C,0.0754,-0.006,0.0353,0.8647,rs13107325:103188709:C:T,4,103188709,T,C,0.0684622,0.0713087,0.848811,76167,0.0323862,0.022373,0.022371731,2.09542,2.09566,0.147741,0.147718,chr4_103188709_C_T,4,103188709,T,C,0.0675368,0.0712761,1,138508,0.0168556,0.0155208,0.0155148,1.17941,1.18031,0.277476,0.277293,T,C,0.018846426,0.000146418,0.012100328,2.425848736,0.119349,-++
rs13413953,2,T,0.64,0.0138,0.0023,5.93,3.06E-09,ARHGAP15,YES,2_144237036_T_G,G,T,0.3492,0.0197,0.0184,0.2833,rs13413953:144237036:T:G,2,144237036,G,T,0.337065,0.335585,0.754235,76167,0.00480119,0.0127727,0.012772691,0.141296,0.141297,0.706996,0.706995,rs13413953:144237036:T:G,2,144237036,G,T,0.350398,0.35178,0.995247,138508,0.0122376,0.00829193,0.008291163,2.17811,2.17852,0.139986,0.139949,G,T,0.011190904,4.31E-05,0.00656568,2.905165419,0.0882962,+++
rs142338804,3,A,0.023,-0.0424,0.0075,-5.69,1.30E-08,TRMT10C,NO,3_101206163_G_A,A,G,0.0271,-0.0118,0.0592,0.8416,rs142338804:101206163:G:A,3,101206163,A,G,0.0280617,0.0289732,0.865843,76167,0.0457655,0.0335758,0.033574678,1.85791,1.85803,0.172866,0.172852,rs142338804:101206163:G:A,3,101206163,A,G,0.0290904,0.0277777,0.935036,138508,-0.0428221,0.0245776,0.024595824,3.03569,3.03119,0.0814519,0.0816781,A,G,-0.012080007,0.00036011,0.01897657,0.405227505,0.524402,-+-
rs142488468,10,C,0.182,-0.0174,0.0029,-6,2.01E-09,XPNPEP1,NO,10_110755859_G_C,C,G,0.1728,-0.0231,0.0237,0.3283,rs142488468:110755859:G:C,10,110755859,C,G,0.175137,0.170559,0.982873,76167,-0.0267492,0.0139376,0.013936772,3.68336,3.68381,0.054958,0.0549432,rs142488468:110755859:G:C,10,110755859,C,G,0.176228,0.174817,0.990116,138508,-0.0168992,0.0103995,0.010402,2.6406,2.63936,0.104164,0.104246,C,G,-0.020674469,6.30E-05,0.007935438,6.787767807,0.00917846,---
rs143092959,4,A,0.996,0.1463,0.0171,8.58,9.38E-18,TSPAN5,YES,4_99465096_A_G,G,A,0.0128,-0.3,0.3093,0.332,rs143092959:99465096:A:G,4,99465096,G,A,0.00918403,0.00963933,0.641432,76167,-0.0793415,0.0684556,0.068475239,1.34333,1.34256,0.246448,0.246583,rs143092959:99465096:A:G,4,99465096,G,A,0.0134825,0.0149081,0.770415,138508,-0.0255242,0.038629,0.038656306,0.436592,0.435977,0.508772,0.509071,G,A,-0.040786664,0.001125767,0.033552444,1.477705986,0.224134,---
rs151010045,4,T,0.967,-0.0367,0.0062,-5.89,3.98E-09,KLB,YES,4_39426395_T_C,C,T,0.0307,-0.0868,0.0544,0.111,rs151010045:39426395:T:C,4,39426395,C,T,0.0256055,0.0248616,0.636652,76167,-0.0388912,0.0417891,0.041784907,0.86612,0.866291,0.352032,0.351984,rs151010045:39426395:T:C,4,39426395,C,T,0.0276342,0.0274981,0.934826,138508,0.037166,0.0248364,0.02481746,2.23931,2.24273,0.134541,0.134244,C,T,0.004405835,0.000401967,0.020049121,0.04829095,0.826064,--+
rs1568450,2,A,0.372,-0.0148,0.0023,-6.42,1.40E-10,VRK2,NO,2_58011697_A_G,G,A,0.6255,-0.0054,0.0181,0.767,rs1568450:58011697:A:G,2,58011697,G,A,0.629005,0.629416,0.993047,76167,0.00460778,0.0108491,0.010849045,0.180384,0.180385,0.671043,0.671043,rs1568450:58011697:A:G,2,58011697,G,A,0.627111,0.627606,0.998456,138508,0.00445962,0.00815503,0.008155228,0.299051,0.299036,0.584478,0.584487,G,A,0.003449288,3.83E-05,0.006190254,0.310485944,0.577382,-++
rs1713675,11,A,0.515,-0.0124,0.0022,-5.55,2.83E-08,USP28,NO,11_113661349_A_G,G,A,0.4746,-0.0217,0.0175,0.2152,rs1713675:113661349:A:G,11,113661349,G,A,0.467666,0.461298,0.917224,76167,-0.0259665,0.010888,0.010887589,5.68761,5.68805,0.0170851,0.0170808,rs1713675:113661349:A:G,11,113661349,G,A,0.473308,0.47042,0.997708,138508,-0.0113605,0.00791322,0.007913277,2.06105,2.06102,0.151106,0.151109,G,A,-0.016957418,3.68E-05,0.006067726,7.81029647,0.00519494,---
rs17601612,11,C,0.383,-0.0168,0.0023,-7.32,2.46E-13,DRD2,YES,11_113317745_G_C,C,G,0.3684,0.0137,0.0183,0.4527,rs17601612:113317745:G:C,11,113317745,C,G,0.369329,0.365434,0.826937,76167,-0.0184196,0.0119801,0.011979813,2.36397,2.36407,0.124166,0.124158,rs17601612:113317745:G:C,11,113317745,C,G,0.375647,0.381306,0.962408,138508,0.00306481,0.00831539,0.00831525,0.135845,0.135849,0.712447,0.712443,C,G,-0.001840665,4.17E-05,0.006459631,0.081195921,0.775683,+-+
rs1788030,18,T,0.458,-0.0131,0.0022,-5.85,4.89E-09,TCF4,YES,18_53045198_C_T,T,C,0.4506,0.0328,0.0176,0.06131,rs1788030:53045198:C:T,18,53045198,T,C,0.460788,0.460115,0.985005,76167,-0.012296,0.0105838,0.010583613,1.34973,1.34977,0.245325,0.245318,rs1788030:53045198:C:T,18,53045198,T,C,0.461776,0.459634,0.973362,138508,-0.0189915,0.00805111,0.008051157,5.56424,5.56419,0.018331,0.0183315,T,C,-0.011153272,3.69E-05,0.006077838,3.36749051,0.066495,+--
rs17884691,22,A,0.248,-0.0158,0.0026,-6.12,9.35E-10,PRR34,NO,22_46481623_G_A,A,G,0.2444,-0.0072,0.0212,0.7359,rs17884691:46481623:G:A,22,46481623,A,G,0.247671,0.24864,0.977895,76167,0.0227693,0.0122352,0.012234842,3.46322,3.4634,0.062748,0.0627412,rs17884691:46481623:G:A,22,46481623,A,G,0.24556,0.241873,0.975264,138508,-0.00517327,0.00930197,0.009302487,0.309301,0.309266,0.578109,0.578131,A,G,0.003756009,4.98E-05,0.007054508,0.283478322,0.59443,-+-
rs1789892,4,A,0.42,0.0218,0.0023,9.66,4.64E-22,ADH1C,NO,4_100250658_G_A,A,G,0.4044,0.0346,0.0178,0.05228,rs1789892:100250658:G:A,4,100250658,A,G,0.421213,0.419706,0.996138,76167,-0.00632267,0.0106418,0.010641753,0.352997,0.353,0.552421,0.55242,rs1789892:100250658:G:A,4,100250658,A,G,0.405075,0.39945,0.995159,138508,0.00705374,0.0080995,0.008099175,0.758444,0.758503,0.383816,0.383797,A,G,0.005695199,3.74E-05,0.006116723,0.866922447,0.351809,+-+
rs1969097,4,A,0.943,0.0303,0.0048,6.28,3.31E-10,C4orf17,NO,4_100408194_A_C,C,A,0.0581,0.0243,0.0378,0.5198,rs1969097:100408194:A:C,4,100408194,C,A,0.0606401,0.0614877,0.988421,76167,-0.00104492,0.0219613,0.021961262,0.00226387,0.00226387,0.962051,0.962051,rs1969097:100408194:A:C,4,100408194,C,A,0.0657415,0.0681887,0.988298,138508,-0.00420957,0.0159538,0.015955176,0.0696223,0.0696101,0.791888,0.791905,C,A,-0.000462114,0.000151864,0.012323307,0.00140619,0.970087,+--
rs2079227,11,A,0.469,0.0124,0.0022,5.54,3.08E-08,SERGEF,YES,11_17832000_G_A,A,G,0.4661,0.0118,0.0175,0.4988,rs2079227:17832000:G:A,11,17832000,A,G,0.454087,0.456296,0.864453,76167,0.0100794,0.0113068,0.011306826,0.794664,0.794672,0.372694,0.372691,rs2079227:17832000:G:A,11,17832000,A,G,0.463045,0.462039,0.962053,138508,-0.00492646,0.00806499,0.008065042,0.373132,0.373127,0.541302,0.541305,A,G,0.001447191,3.85E-05,0.006205718,0.054383588,0.815604,++-
rs2274793,14,T,0.327,-0.0137,0.0024,-5.76,8.25E-09,OTX2,NO,14_57283968_C_T,T,C,0.3357,-0.0241,0.0185,0.1941,rs2274793:57283968:C:T,14,57283968,T,C,0.339676,0.346094,0.896455,76167,0.0258792,0.0116545,0.011654094,4.9308,4.93111,0.0263821,0.0263774,rs2274793:57283968:C:T,14,57283968,T,C,0.336658,0.337852,0.976974,138508,0.0025286,0.00845453,0.008454379,0.0894501,0.0894534,0.764877,0.764873,T,C,0.006607377,4.20E-05,0.006478708,1.040114906,0.307795,-++
rs2424645,20,A,0.654,0.0128,0.0023,5.45,4.97E-08,CST7,NO,20_24720026_A_G,G,A,0.3507,0.0265,0.0186,0.1553,rs2424645:24720026:A:G,20,24720026,G,A,0.354765,0.356092,0.758703,76167,0.00411905,0.0125679,0.012567896,0.107416,0.107416,0.743105,0.743105,rs2424645:24720026:A:G,20,24720026,G,A,0.352967,0.354144,0.922231,138508,0.00394172,0.00859493,0.008594727,0.210323,0.210333,0.646514,0.646507,G,A,0.006688562,4.48E-05,0.006691552,0.999106468,0.317527,+++
rs2520099,9,T,0.731,-0.0144,0.0025,-5.72,1.07E-08,BRD3,YES,9_136918139_T_C,C,T,0.2949,0.0353,0.0193,0.06694,rs2520099:136918139:T:C,9,136918139,C,T,0.309569,0.311975,0.973282,76167,0.00882007,0.0114497,0.011449732,0.593406,0.593408,0.441105,0.441104,rs2520099:136918139:T:C,9,136918139,C,T,0.29806,0.301404,0.981347,138508,0.00858241,0.00872163,0.008720944,0.968331,0.968482,0.325097,0.325059,C,T,0.011514926,4.34E-05,0.006589541,3.053598947,0.0805584,+++
rs2622237,7,A,0.577,-0.0151,0.0023,-6.68,2.44E-11,LOC101929087,NO,7_153489069_A_G,G,A,0.4089,0.044,0.0195,0.02385,rs2622237:153489069:A:G,7,153489069,G,A,0.404013,0.401806,0.789641,76167,-0.0061212,0.0119932,0.011993158,0.260498,0.260499,0.609778,0.609778,rs2622237:153489069:A:G,7,153489069,G,A,0.409026,0.414085,0.945347,138508,0.0106997,0.00823334,0.008233023,1.68883,1.68898,0.193755,0.193735,G,A,0.00925266,4.18E-05,0.006466915,2.04709903,0.152497,+-+
rs283412,4,A,0.023,-0.0534,0.0074,-7.19,6.52E-13,ADH1C,YES,4_100267672_A_G,G,A,0.9746,-0.0503,0.0651,0.4392,rs283412:100267672:A:G,4,100267672,G,A,0.975679,0.974975,0.883737,76167,-0.00288712,0.0359695,0.035969348,0.00644262,0.00644265,0.936026,0.936026,rs283412:100267672:A:G,4,100267672,G,A,0.969903,0.967573,0.992191,138508,-0.0227729,0.022878,0.022864588,0.990834,0.991996,0.319539,0.319255,G,A,-0.019557114,0.000347429,0.018639439,1.100889898,0.294071,---
rs2858088,4,A,0.381,-0.0143,0.0023,-6.21,5.47E-10,MSANTD1,YES,4_3268710_A_G,G,A,0.6171,-0.0267,0.018,0.1385,rs2858088:3268710:A:G,4,3268710,G,A,0.629988,0.621982,0.904745,76167,-0.0346212,0.0113852,0.0113845,9.24698,9.24818,0.00235884,0.0023573,rs2858088:3268710:A:G,4,3268710,G,A,0.610577,0.609988,0.988192,138508,0.00296668,0.00813431,0.008134426,0.133015,0.133011,0.715326,0.71533,G,A,-0.011535742,3.93E-05,0.006269881,3.385107801,0.0657879,--+
rs28929474,14,T,0.02,-0.0489,0.008,-6.16,7.48E-10,SERPINA1,YES,14_94844947_C_T,T,C,0.018,0.0635,0.0724,0.3803,rs28929474:94844947:C:T,14,94844947,T,C,0.0185307,0.0169435,0.793862,76167,-0.0695265,0.0440516,0.044029695,2.49102,2.4935,0.114497,0.114317,rs28929474:94844947:C:T,14,94844947,T,C,0.020198,0.017965,0.958531,138508,-0.0684939,0.0293837,0.029411046,5.43366,5.42354,0.0197522,0.019867,T,C,-0.05620397,0.000546072,0.023368183,5.784743372,0.0161659,+--
rs303753,18,A,0.346,-0.0129,0.0023,-5.51,3.59E-08,C18orf8,NO,18_21074922_G_A,A,G,0.3512,-0.0269,0.0184,0.1448,rs303753:21074922:G:A,18,21074922,A,G,0.347889,0.350443,0.858334,76167,0.0093403,0.0118208,0.011820826,0.624346,0.624347,0.429437,0.429436,rs303753:21074922:G:A,18,21074922,A,G,0.347176,0.350316,0.962729,138508,0.00684921,0.00843771,0.008437304,0.658919,0.658982,0.416942,0.41692,A,G,0.003713419,4.22E-05,0.00649464,0.326917207,0.56748,-++
rs322776,7,T,0.421,-0.0126,0.0023,-5.59,2.32E-08,LRRC4,NO,7_127759841_T_G,G,T,0.5702,0.0047,0.0178,0.7918,rs322776:127759841:T:G,7,127759841,G,T,0.578458,0.575221,0.932937,76167,-0.00669097,0.0110139,0.011013946,0.369056,0.369056,0.543519,0.543519,rs322776:127759841:T:G,7,127759841,G,T,0.567989,0.567049,0.984143,138508,-0.00191737,0.00802954,0.008029479,0.0570207,0.0570213,0.811268,0.811267,G,T,-0.002653736,3.79E-05,0.00615275,0.186027435,0.666244,+--
rs34121753,17,A,0.421,-0.0123,0.0023,-5.45,4.97E-08,KDM6B,NO,17_7733833_A_G,G,A,0.551,-0.0022,0.0177,0.9028,rs34121753:7733833:A:G,17,7733833,G,A,0.54865,0.543232,0.884804,76167,-0.0125486,0.0112926,0.011292587,1.23481,1.23482,0.266474,0.266472,rs34121753:7733833:A:G,17,7733833,G,A,0.565374,0.564515,0.99131,138508,-0.00356472,0.00798432,0.007984221,0.199331,0.199336,0.655261,0.655257,G,A,-0.006047792,3.81E-05,0.006174555,0.959361864,0.327348,---
rs34908430,7,T,0.3,-0.0136,0.0024,-5.6,2.19E-08,SP8,YES,7_20824614_C_T,T,C,0.2977,0.021,0.0194,0.2773,rs34908430:20824614:C:T,7,20824614,T,C,0.308939,0.308655,0.954371,76167,0.00455901,0.0115963,0.011596331,0.154561,0.154561,0.694214,0.694214,chr7_20824614_C_T,7,20824614,T,C,0.301106,0.297704,1,138508,-0.00770792,0.00861526,0.008615837,0.800458,0.800349,0.370956,0.370989,T,C,-0.000811936,4.32E-05,0.006574248,0.015252858,0.901709,++-
rs35572189,17,A,0.363,0.0133,0.0023,5.73,9.80E-09,BAHCC1,YES,17_79419025_G_A,A,G,0.3898,-0.0154,0.0203,0.4458,rs35572189:79419025:G:A,17,79419025,A,G,0.368411,0.369158,0.662525,76167,0.00621997,0.0133496,0.013349542,0.217092,0.217092,0.641265,0.641265,rs35572189:79419025:G:A,17,79419025,A,G,0.390523,0.392236,0.773353,138508,0.0139879,0.00918188,0.009181271,2.32081,2.32113,0.127654,0.127627,A,G,0.008433573,5.12E-05,0.007154796,1.389404429,0.238506,-++
rs35807116,15,T,0.606,0.0139,0.0023,6.08,1.22E-09,SEMA7A,NO,15_74667953_C_T,T,C,0.6028,0.0151,0.0178,0.3975,rs35807116:74667953:C:T,15,74667953,T,C,0.607059,0.608584,0.998037,76167,0.0251898,0.0107314,0.010730836,5.5098,5.51039,0.0189102,0.0189038,rs35807116:74667953:C:T,15,74667953,T,C,0.593615,0.594737,0.992496,138508,0.0313118,0.0080684,0.008068739,15.0606,15.0593,0.000104114,0.000104186,T,C,0.027596735,3.75E-05,0.006120032,20.33330452,6.51E-06,+++
rs4146003,4,A,0.443,0.0127,0.0022,5.64,1.69E-08,EIF4E,NO,4_99632322_G_A,A,G,0.434,-0.0106,0.0178,0.553,rs4146003:99632322:G:A,4,99632322,A,G,0.415511,0.415985,0.762158,76167,0.00430361,0.0121234,0.012123374,0.126014,0.126014,0.722601,0.722601,rs4146003:99632322:G:A,4,99632322,A,G,0.432146,0.428316,0.988287,138508,-0.0066413,0.0080077,0.008007857,0.687846,0.687818,0.406898,0.406908,A,G,-0.004191964,3.99E-05,0.006313635,0.440835024,0.50672,-+-
rs4699680,4,A,0.96,0.0449,0.0057,7.86,3.94E-15,EIF4E,NO,4_99759132_G_A,A,G,0.9577,-0.0536,0.0438,0.2216,rs4699680:99759132:G:A,4,99759132,A,G,0.935129,0.935629,0.730614,76167,0.0177926,0.024945,0.024944599,0.50876,0.508775,0.475676,0.47567,rs4699680:99759132:G:A,4,99759132,A,G,0.954612,0.952779,0.987649,138508,-0.00620327,0.0189323,0.01892966,0.107358,0.107388,0.743172,0.743138,A,G,-0.003022208,0.000206959,0.014386062,0.04413315,0.833606,-+-
rs4775792,15,T,0.368,0.0127,0.0023,5.48,4.22E-08,SECISBP2L,YES,15_49288078_T_G,G,T,0.6333,-0.0043,0.0181,0.8132,rs4775792:49288078:T:G,15,49288078,G,T,0.633101,0.631363,0.897394,76167,-0.0155424,0.0114487,0.011448618,1.84298,1.84302,0.174602,0.174597,rs4775792:49288078:T:G,15,49288078,G,T,0.632631,0.630303,0.998864,138508,-0.00158467,0.0081734,0.008173301,0.0375901,0.0375909,0.846269,0.846267,G,T,-0.006038797,3.97E-05,0.006301978,0.918220496,0.337943,---
rs4815364,20,A,0.606,0.0134,0.0023,5.85,5.02E-09,VSX1,NO,20_25035711_G_A,A,G,0.6207,-0.0086,0.018,0.6332,rs4815364:25035711:G:A,20,25035711,A,G,0.630566,0.629389,0.877469,76167,-0.00369403,0.0116115,0.01161151,0.10121,0.10121,0.750382,0.750382,rs4815364:25035711:G:A,20,25035711,A,G,0.626114,0.625016,0.974147,138508,0.00179201,0.00825258,0.008252636,0.0471524,0.0471515,0.828095,0.828096,A,G,-0.001018899,4.05E-05,0.006360606,0.025660509,0.872732,--+
rs485425,11,C,0.453,-0.0155,0.0022,-6.91,5.00E-12,SORL1,NO,11_121544984_C_G,G,C,0.5386,-0.018,0.0176,0.3069,rs485425:121544984:C:G,11,121544984,G,C,0.542002,0.543966,0.901612,76167,0.00236386,0.0111154,0.011115367,0.0452268,0.0452268,0.831588,0.831588,rs485425:121544984:C:G,11,121544984,G,C,0.536091,0.535086,0.986222,138508,0.00187041,0.00796342,0.007963447,0.0551662,0.055166,0.814306,0.814306,G,C,-0.000201502,3.76E-05,0.006132344,0.001079711,0.973787,-++
rs4916723,5,A,0.578,0.0154,0.0023,6.8,1.07E-11,MEF2C,NO,5_87854395_A_C,C,A,0.4289,0.0094,0.0177,0.5935,rs4916723:87854395:A:C,5,87854395,C,A,0.426791,0.425413,0.847892,76167,0.00225096,0.0114472,0.011447243,0.0386663,0.0386664,0.844111,0.844111,rs4916723:87854395:A:C,5,87854395,C,A,0.418481,0.412195,0.956496,138508,-0.00415158,0.00818888,0.008189015,0.257026,0.257018,0.612171,0.612176,C,A,-0.000674212,3.96E-05,0.006292834,0.011478919,0.914678,++-
rs4975016,4,T,0.2,0.0177,0.0028,6.33,2.49E-10,RPL9,NO,4_39439719_C_T,T,C,0.1907,0.0148,0.0225,0.5117,rs4975016:39439719:C:T,4,39439719,T,C,0.198568,0.200371,0.842072,76167,0.0168359,0.014213,0.014212901,1.40314,1.40316,0.236199,0.236195,rs4975016:39439719:C:T,4,39439719,T,C,0.193102,0.192389,0.946542,138508,0.00251145,0.0102748,0.010274482,0.0597448,0.0597488,0.8069,0.806893,T,C,0.008224338,6.21E-05,0.007882537,1.088603806,0.296781,+++
rs528301,2,A,0.553,0.0204,0.0022,9.08,1.05E-19,SIX3,NO,2_45154908_G_A,A,G,0.569,0.0045,0.0178,0.8008,rs528301,2,45154908,A,G,0.568261,0.571058,1,76167,-0.00110783,0.0105359,0.01053596,0.011056,0.011056,0.916259,0.916259,rs528301,2,45154908,A,G,0.575741,0.576936,1,138508,-0.0047788,0.00795673,0.007956571,0.360719,0.360733,0.548107,0.548099,A,G,-0.002617321,3.64E-05,0.0060356,0.188049833,0.664545,+--
rs55932213,9,A,0.254,-0.0141,0.0026,-5.52,3.46E-08,TMEM38B,NO,9_108755622_A_G,G,A,0.7327,0.0128,0.0203,0.5278,rs55932213:108755622:A:G,9,108755622,G,A,0.733391,0.730922,0.872812,76167,-0.00664024,0.0126092,0.012609182,0.277328,0.277328,0.598458,0.598458,rs55932213:108755622:A:G,9,108755622,G,A,0.725622,0.724344,0.922614,138508,0.0159567,0.00918971,0.009190925,3.01498,3.01417,0.0824985,0.0825397,G,A,0.008690598,4.96E-05,0.007040239,1.523787704,0.217047,+-+
rs61873510,10,T,0.327,-0.0151,0.0024,-6.36,2.08E-10,FAM178A,NO,10_102626510_G_T,T,G,0.3551,-0.0163,0.0194,0.402,rs61873510:102626510:G:T,10,102626510,T,G,0.360749,0.35523,0.870523,76167,-0.0171373,0.0117545,0.011754321,2.12558,2.12564,0.144858,0.144852,rs61873510:102626510:G:T,10,102626510,T,G,0.354989,0.353544,0.875851,138508,-0.01457,0.00881583,0.008816486,2.73146,2.73104,0.0983893,0.0984152,T,G,-0.015576029,4.48E-05,0.006690608,5.419789011,0.0199098,---
rs62055546,17,A,0.778,0.0276,0.0027,10.29,7.92E-25,MAPT,NO,17_43964567_A_C,C,A,0.222,-0.0797,0.0213,0.0001891,rs62055546:43964567:A:C,17,43964567,C,A,0.204565,0.19779,0.999779,76167,-0.0440137,0.0130701,0.013068215,11.34,11.3434,0.000758553,0.000757166,rs62055546:43964567:A:C,17,43964567,C,A,0.213909,0.209976,0.998324,138508,-0.037583,0.0096808,0.009684829,15.0716,15.0591,0.000103509,0.000104197,C,A,-0.044236928,5.44E-05,0.007377111,35.95814753,2.02E-09,---
rs62135525,2,T,0.05,-0.0342,0.0051,-6.65,2.86E-11,PPM1B,NO,2_44299879_C_T,T,C,0.0446,-0.0623,0.0459,0.1747,rs62135525:44299879:C:T,2,44299879,T,C,0.0440213,0.0438092,0.831862,76167,0.0103806,0.0277331,0.02773322,0.140103,0.140102,0.708179,0.70818,rs62135525:44299879:C:T,2,44299879,T,C,0.0428447,0.0424601,0.852868,138508,-0.00158568,0.021039,0.021039604,0.00568044,0.0056801,0.939921,0.939923,T,C,-0.004408221,0.000252599,0.015893358,0.076929938,0.781502,-+-
rs62305782,4,T,0.117,0.0325,0.0035,9.34,9.84E-21,ADH1C,NO,4_100293109_C_T,T,C,0.1202,0.0428,0.0296,0.1477,rs62305782:100293109:C:T,4,100293109,T,C,0.115229,0.1203,0.730087,76167,0.0571708,0.0189781,0.018975973,9.07492,9.07696,0.00259139,0.0025885,rs62305782:100293109:C:T,4,100293109,T,C,0.114709,0.114502,0.924304,138508,0.0195023,0.0129083,0.01290406,2.28261,2.28412,0.130832,0.130704,T,C,0.032543622,0.0001026,0.010129181,10.32245844,0.00131421,+++
rs62325464,4,A,0.029,-0.0443,0.0066,-6.68,2.44E-11,EIF4E,NO,4_99610593_T_A,A,T,0.0363,0.0326,0.0508,0.5206,rs62325464:99610593:T:A,4,99610593,A,T,0.0427826,0.0427747,0.692536,76167,-0.0153572,0.0310998,0.031098984,0.243843,0.243855,0.621444,0.621436,rs62325464:99610593:T:A,4,99610593,A,T,0.0393746,0.0415987,0.880174,138508,0.0497918,0.0213803,0.021355695,5.42362,5.43611,0.0198661,0.0197246,A,T,0.029442716,0.000281578,0.016780281,3.078628674,0.0793274,+-+
rs62466318,7,T,0.204,0.017,0.0028,6.16,7.48E-10,MLXIPL,NO,7_73042085_C_T,T,C,0.1919,0.037,0.0224,0.09847,rs62466318:73042085:C:T,7,73042085,T,C,0.151515,0.154161,0.632305,76167,0.0426154,0.0182288,0.018227695,5.46535,5.466,0.0193972,0.01939,rs62466318:73042085:C:T,7,73042085,T,C,0.192472,0.192156,0.981469,138508,0.0199301,0.0101294,0.010126422,3.87125,3.87353,0.0491199,0.0490532,T,C,0.026716431,6.90E-05,0.008308032,10.34095384,0.00130111,+++
rs71612659,4,A,0.058,-0.0481,0.0048,-10.05,8.97E-24,EIF4E,NO,4_99691047_G_A,A,G,0.0716,-0.0406,0.0423,0.3369,rs71612659:99691047:G:A,4,99691047,A,G,0.08225,0.0842171,0.654083,76167,0.0185943,0.0234274,0.023426858,0.629962,0.629987,0.427369,0.42736,rs71612659:99691047:G:A,4,99691047,A,G,0.0775074,0.0787081,0.777115,138508,-0.018644,0.0167115,0.016716875,1.24465,1.24385,0.264577,0.26473,A,G,-0.009153983,0.000170613,0.013061907,0.491141907,0.483418,-+-
rs7206303,16,A,0.238,0.0148,0.0026,5.63,1.81E-08,TMEM114,NO,16_7348161_G_A,A,G,0.2334,0.0078,0.021,0.712,rs7206303:7348161:G:A,16,7348161,A,G,0.242214,0.243213,0.788733,76167,0.00446139,0.0136617,0.013661677,0.106643,0.106643,0.743999,0.743999,rs7206303:7348161:G:A,16,7348161,A,G,0.237305,0.239509,0.981899,138508,0.0118134,0.00933738,0.009336017,1.60066,1.60113,0.20581,0.205743,A,G,0.009305646,5.33E-05,0.007302642,1.623801758,0.202563,+++
rs72768626,16,A,0.944,0.0301,0.0049,6.2,5.60E-10,TNRC6A,NO,16_24693048_A_G,G,A,0.0663,-0.0055,0.0367,0.8804,rs72768626:24693048:A:G,16,24693048,G,A,0.0734639,0.0745494,0.829256,76167,0.0158866,0.021943,0.021943048,0.524167,0.524165,0.46907,0.46907,rs72768626:24693048:A:G,16,24693048,G,A,0.0683189,0.0705517,0.973828,138508,0.0109559,0.0158021,0.015798577,0.480691,0.480906,0.488109,0.488012,G,A,0.010788311,0.000149142,0.012212384,0.780379832,0.377025,-++
rs756747,7,T,0.48,-0.0132,0.0022,-5.9,3.58E-09,ORC5,NO,7_103696539_T_G,G,T,0.5292,0.012,0.0179,0.5032,rs756747:103696539:T:G,7,103696539,G,T,0.526565,0.532598,0.964852,76167,0.0151123,0.0106246,0.010624486,2.02319,2.02323,0.154913,0.154909,rs756747:103696539:T:G,7,103696539,G,T,0.529512,0.532159,0.931325,138508,-0.00226283,0.00819765,0.008197632,0.0761945,0.0761951,0.782522,0.782521,G,T,0.005024159,3.79E-05,0.006159025,0.665430803,0.414649,++-
rs7620901,3,T,0.417,-0.0131,0.0023,-5.77,8.00E-09,OTOL1,NO,3_161307316_C_T,T,C,0.4134,0.0233,0.0178,0.1918,rs7620901:161307316:C:T,3,161307316,T,C,0.41567,0.417946,0.99304,76167,0.0150422,0.0106643,0.010664124,1.98957,1.98963,0.158386,0.15838,rs7620901:161307316:C:T,3,161307316,T,C,0.415949,0.4149,0.990516,138508,-0.00338166,0.00803453,0.008034645,0.177149,0.177144,0.673835,0.673839,T,C,0.005395715,3.71E-05,0.006093054,0.784201994,0.375859,++-
rs7630012,3,A,0.567,0.0131,0.0023,5.8,6.70E-09,EXOG,YES,3_38552250_A_G,G,A,0.4443,-0.0064,0.0177,0.7192,rs7630012:38552250:A:G,3,38552250,G,A,0.433148,0.438759,0.666294,76167,0.0275757,0.0129202,0.012919839,4.55529,4.55553,0.0328172,0.0328126,rs7630012:38552250:A:G,3,38552250,G,A,0.430812,0.432362,0.993007,138508,-0.00921371,0.00800336,0.008003514,1.32533,1.32528,0.249638,0.249647,G,A,-1.09E-05,4.11E-05,0.006409696,2.88E-06,0.998646,-+-
rs7688435,4,T,0.138,-0.0182,0.0032,-5.63,1.81E-08,INPP4B,YES,4_143508339_T_C,C,T,0.8548,0.0093,0.0271,0.7311,rs7688435:143508339:T:C,4,143508339,C,T,0.842684,0.8424,0.651386,76167,0.0123241,0.0177557,0.017755544,0.481766,0.481773,0.487623,0.48762,rs7688435:143508339:T:C,4,143508339,C,T,0.847823,0.845928,0.991663,138508,-0.00209065,0.0110079,0.011007569,0.0360704,0.0360728,0.84937,0.849365,C,T,0.002609878,7.95E-05,0.008918655,0.085633134,0.769804,++-
rs77123275,9,T,0.052,0.0279,0.005,5.57,2.58E-08,RORB,NO,9_77074097_C_T,T,C,0.0489,-0.0134,0.0433,0.7565,rs77123275:77074097:C:T,9,77074097,T,C,0.0423346,0.0425678,0.715429,76167,0.0162498,0.0305506,0.030550674,0.282914,0.282914,0.594798,0.594798,rs77123275:77074097:C:T,9,77074097,T,C,0.049,0.0479504,0.901712,138508,-0.0129136,0.019357,0.019361351,0.445063,0.44486,0.504689,0.504786,T,C,-0.005675955,0.000238391,0.01543993,0.135141029,0.71316,-+-
rs77294902,17,A,0.221,-0.0158,0.0027,-5.86,4.63E-09,TNFSF12,NO,17_7452078_G_A,A,G,0.2252,0.0034,0.021,0.8705,rs77294902:7452078:G:A,17,7452078,A,G,0.22423,0.227745,0.991319,76167,0.0201609,0.012563,0.012562881,2.57531,2.57538,0.108543,0.108538,rs77294902:7452078:G:A,17,7452078,A,G,0.223957,0.223762,0.990785,138508,0.0102102,0.00949634,0.009495088,1.156,1.1563,0.282297,0.282234,A,G,0.01268207,5.17E-05,0.007191984,3.109445215,0.0778395,+++
rs780569,1,A,0.708,-0.0153,0.0025,-6.25,4.12E-10,AJAP1,NO,1_4569436_T_A,A,T,0.7261,0.0105,0.0197,0.5942,rs780569:4569436:T:A,1,4569436,A,T,0.726102,0.731356,0.802416,76167,0.0316887,0.0131484,0.013147718,5.80852,5.80909,0.0159487,0.0159435,rs780569:4569436:T:A,1,4569436,A,T,0.731773,0.733618,0.988661,138508,0.00171471,0.00893855,0.00893869,0.0368001,0.0367988,0.847873,0.847875,A,T,0.011030721,4.88E-05,0.006985649,2.493413749,0.114324,+++
rs78119163,5,A,0.883,0.019,0.0035,5.49,3.97E-08,KCTD16,NO,5_144316672_A_G,G,A,0.1097,-0.0259,0.0299,0.3871,rs78119163:144316672:A:G,5,144316672,G,A,0.117153,0.117907,0.742041,76167,0.0110623,0.0189007,0.018900611,0.342559,0.342562,0.558356,0.558354,rs78119163:144316672:A:G,5,144316672,G,A,0.104634,0.101234,0.926355,138508,-0.0194308,0.0134256,0.013429582,2.09465,2.09342,0.147816,0.147935,G,A,-0.01112749,0.000107652,0.010375547,1.15019754,0.283508,-+-
rs7940127,11,T,0.137,-0.0182,0.0032,-5.6,2.19E-08,BUD13,NO,11_116102388_T_C,C,T,0.8429,-0.0092,0.0251,0.7129,rs7940127:116102388:T:C,11,116102388,C,T,0.856906,0.852885,0.898576,76167,-0.0150173,0.0156969,0.01569673,0.915288,0.915304,0.338715,0.338711,rs7940127:116102388:T:C,11,116102388,C,T,0.846267,0.84141,0.926078,138508,-0.00937723,0.0113065,0.01130477,0.687853,0.688059,0.406896,0.406825,C,T,-0.011057235,7.56E-05,0.008696141,1.616739019,0.203547,---
rs838145,19,A,0.542,-0.0151,0.0022,-6.73,1.73E-11,FUT1,NO,19_49248730_G_A,A,G,0.5846,-0.0053,0.0182,0.7697,rs838145:49248730:G:A,19,49248730,A,G,0.573539,0.571126,0.929963,76167,-0.00991831,0.0110796,0.011079608,0.801354,0.801358,0.370689,0.370688,rs838145:49248730:G:A,19,49248730,A,G,0.576416,0.576438,0.964312,138508,-0.00800364,0.00814711,0.008146862,0.96509,0.965149,0.325908,0.325893,A,G,-0.008307683,3.88E-05,0.006231431,1.777396138,0.182469,---
rs9349379,6,A,0.594,-0.0133,0.0023,-5.86,4.63E-09,PHACTR1,YES,6_12903957_A_G,G,A,0.418,-0.0015,0.018,0.9349,rs9349379:12903957:A:G,6,12903957,G,A,0.419297,0.422874,0.767527,76167,0.0158252,0.0120989,0.012098756,1.71084,1.71087,0.190876,0.190873,exm-rs9349379,6,12903957,G,A,0.409366,0.40151,1,138508,-0.02015,0.00802604,0.008026589,6.30301,6.30214,0.0120533,0.0120592,G,A,-0.008377442,4.00E-05,0.006327458,1.75292899,0.185509,-+-
rs9607812,22,A,0.188,-0.0167,0.0029,-5.84,5.28E-09,CSDC2,NO,22_41941243_G_A,A,G,0.197,-0.0258,0.0221,0.2422,rs9607812:41941243:G:A,22,41941243,A,G,0.192709,0.193619,0.982101,76167,-0.00799849,0.0133893,0.013389112,0.356865,0.356872,0.550253,0.550249,rs9607812:41941243:G:A,22,41941243,A,G,0.194727,0.199054,0.984327,138508,0.00882347,0.0100166,0.010015348,0.775961,0.776152,0.378379,0.378321,A,G,-0.000281868,5.79E-05,0.007609309,0.001372147,0.970451,--+
rs9822731,3,T,0.775,-0.021,0.0027,-7.87,3.62E-15,CADM2,YES,3_85405501_T_C,C,T,0.226,-0.0018,0.0208,0.9306,rs9822731:85405501:T:C,3,85405501,C,T,0.218312,0.21824,0.961674,76167,-0.001955,0.0129427,0.012942707,0.0228161,0.0228162,0.879936,0.879936,rs9822731:85405501:T:C,3,85405501,C,T,0.224413,0.222847,0.998208,138508,-0.0102064,0.00945556,0.009456696,1.16512,1.16484,0.280406,0.280464,C,T,-0.006739445,5.23E-05,0.007235145,0.867668359,0.351602,---
rs9832119,3,A,0.703,0.0158,0.0024,6.48,8.99E-11,CADM2,NO,3_84972676_T_A,A,T,0.7058,-0.0071,0.0194,0.714,rs9832119:84972676:T:A,3,84972676,A,T,0.702684,0.699585,0.840245,76167,-0.00334916,0.0125151,0.012515149,0.0716145,0.0716143,0.789,0.789001,rs9832119:84972676:T:A,3,84972676,A,T,0.712363,0.709734,0.982575,138508,-0.0102359,0.00879942,0.008798555,1.35314,1.35341,0.24473,0.244683,A,T,-0.007878259,4.64E-05,0.006811439,1.337774147,0.247427,---