Index.SNP,Chromosome,Positionb,Cancer.type,Eff,EAF,OR,P,var_name,Effect.Gwas,Baseline.Gwas,Freq.Gwas,beta.Gwas,SE.Gwas,P.value.Gwas,SNP.iCOGs,chr.iCOGs,Position.iCOGs,Effect.iCOGs,Baseline.iCOGs,EAFcontrols.iCOGs,EAFcases.iCOGs,r2.iCOGs,NumCalled.iCOGs,beta.iCOGs,SE.iCOGs,SE_LRT.iCOGs,chi2.iCOGs,LRT.iCOGs,P1df_risk_chi.iCOGs,P1df_risk_LRT.iCOGs,SNP.Onco,chr.Onco,Position.Onco,Effect.Onco,Baseline.Onco,EAFcontrols.Onco,EAFcases.Onco,r2.Onco,NumCalled.Onco,beta.Onco,SE.Onco,SE_LRT.Onco,chi2.Onco,LRT.Onco,P1df_risk_chi.Onco,P1df_risk_LRT.Onco,Effect.Meta,Baseline.Meta,Beta.meta,var.meta,sdE.meta,chi.meta,p.meta,dir.meta
rs10069690,5,1279790,Ovarian Cancer,A,0.27,1.14,7.6e-11,5_1279790_C_T,T,C,0.2664,0.0698,0.0267,0.008933,rs10069690,5,1279790,T,C,0.259797,0.273593,1,76167,0.0702546,0.0118001,0.0117968209272432,35.4468,35.4666,2.62113e-09,2.59462e-09,rs10069690,5,1279790,T,C,0.25796,0.269254,1,138508,0.0544806,0.00893442,0.00892769568315731,37.1835,37.2396,1.0752e-09,1.04471e-09,T,C,0.06076841670375,4.79944936508074e-05,0.00692780583235467,76.9421695652889,1.76038e-18,+++
rs10088218,8,129543949,Ovarian Cancer,A,0.13,0.77,1.6e-20,8_129543949_G_A,A,G,0.1277,0.0021,0.0263,0.9374,rs10088218,8,129543949,A,G,0.130798,0.129234,1,76167,-0.0194104,0.0155164,0.0155158626599717,1.5649,1.56501,0.210949,0.210933,rs10088218,8,129543949,A,G,0.128385,0.130596,1,138508,0.0199944,0.011744,0.0117398206000488,2.89855,2.90064,0.0886593,0.0885444,A,G,0.00537001192674146,7.92318269554097e-05,0.00890122614898699,0.363957631692306,0.546316,+-+
rs11782652,8,82653644,Ovarian Cancer,G,0.07,1.24,5.6e-11,8_82653644_A_G,G,A,0.0651,0.0585,0.0357,0.1018,rs11782652,8,82653644,G,A,0.0666614,0.0668987,1,76167,0.000102153,0.0208833,0.0208836349502195,2.39278e-05,2.39271e-05,0.996097,0.996097,chr8_82653644_A_G,8,82653644,G,A,0.0683076,0.0711076,1,138508,0.0365859,0.0154778,0.0154651981538318,5.58741,5.5965,0.01809,0.0179964,G,A,0.0272571791807264,0.00014026059084796,0.0118431664198372,5.29695342361402,0.0213628,+++
rs1243180,10,21915619,Ovarian Cancer,A,0.3,1.1,3.3e-07,10_21915619_T_A,A,T,0.3067,0.0496,0.0206,0.01592,rs1243180,10,21915619,A,T,0.309257,0.319513,1,76167,0.043908,0.0112833,0.0112821485037071,15.1431,15.1462,9.96619e-05,9.94984e-05,rs1243180,10,21915619,A,T,0.314415,0.325404,1,138508,0.0362031,0.00844252,0.0084394554842932,18.3885,18.4019,1.80142e-05,1.7888e-05,A,T,0.0399057338343383,4.19436383664519e-05,0.00647639084417022,37.966844434048,7.19571e-10,+++
rs17329882,4,119949960,Ovarian Cancer,C,0.24,1.09,5.9e-07,4_119949960_A_C,C,A,0.2349,-0.0218,0.0208,0.2942,rs17329882:119949960:A:C,4,119949960,C,A,0.235722,0.233709,0.960364,76167,-0.00530993,0.0125779,0.0125778294788339,0.178222,0.178224,0.672906,0.672904,chr4_119949960_A_C,4,119949960,C,A,0.237569,0.239314,1,138508,0.000815692,0.0092561,0.00925601127332321,0.00776598,0.00776613,0.929777,0.929777,C,A,-0.00349761124790007,5.01615345628831e-05,0.0070824808198034,0.243877794968599,0.621419,--+
rs183211,17,44788310,Ovarian Cancer,A,0.23,1.1,1.6e-07,17_44788310_G_A,A,G,0.2374,-0.05,0.0206,0.01518,rs183211,17,44788310,A,G,0.225977,0.220436,1,76167,-0.0368229,0.0125564,0.0125551105576151,8.60017,8.60191,0.00336132,0.00335811,kgp7152663,17,44788310,A,G,0.233869,0.231931,1,138508,-0.0252856,0.00933608,0.00933862137518667,7.33526,7.3313,0.00676149,0.0067764,A,G,-0.0316191066045518,5.05176262561808e-05,0.00710757527263559,19.7904766427479,8.64122e-06,---
rs2072590,2,177042633,Ovarian Cancer,A,0.68,1.14,3.7e-13,2_177042633_A_C,C,A,0.6856,-0.003,0.0187,0.871,rs2072590,2,177042633,C,A,0.682704,0.681634,1,76167,-0.00896854,0.0112212,0.0112211558957473,0.6388,0.638805,0.424146,0.424144,chr2_177042633_A_C,2,177042633,C,A,0.679564,0.681934,1,138508,0.00126767,0.00845101,0.00845109577299114,0.0225006,0.0225002,0.880763,0.880764,C,A,-0.00247296241543183,4.10729774599061e-05,0.00640882028612958,0.148894564902391,0.699594,--+
rs3814113,9,16915021,Ovarian Cancer,G,0.32,0.79,2.7e-34,9_16915021_T_C,C,T,0.3201,0.0255,0.0187,0.1739,rs3814113,9,16915021,C,T,0.322532,0.325237,1,76167,0.00920665,0.0111833,0.0111832612935567,0.677741,0.677745,0.410366,0.410364,rs3814113,9,16915021,C,T,0.32715,0.330596,1,138508,0.0168236,0.00840077,0.00839951419619681,4.01051,4.01171,0.0452175,0.0451853,C,T,0.015313936804532,4.06977547927147e-05,0.00637947919447306,5.76239799093734,0.0163727,+++
rs4691139,4,165908721,Ovarian Cancer,G,0.46,1,0.99,4_165908721_A_G,G,A,0.4596,0.0077,0.0175,0.6591,rs4691139,4,165908721,G,A,0.458036,0.459099,1,76167,-8.59752e-05,0.0105278,0.0105280052334734,6.66912e-05,6.6689e-05,0.993484,0.993484,rs4691139,4,165908721,G,A,0.469109,0.47298,1,138508,0.000626529,0.00791043,0.00791042964916456,0.00627309,0.0062731,0.936871,0.936871,G,A,0.00116259930885365,3.60383112973858e-05,0.0060031917591716,0.0375055629492007,0.846439,+-+
rs56318008,1,22470407,Ovarian Cancer,T,0.15,1.11,3.9e-07,1_22470407_C_T,T,C,0.1541,-0.0349,0.0245,0.1556,rs56318008:22470407:C:T,1,22470407,T,C,0.15162,0.14886,0.994326,76167,-0.00768318,0.0146866,0.0146864858238133,0.273678,0.273682,0.600875,0.600872,chr1_22470407_C_T,1,22470407,T,C,0.147106,0.139164,1,138508,-0.033713,0.0112436,0.011248720841746,8.99052,8.98232,0.00271384,0.00272604,T,C,-0.025337431753873,7.17318822790228e-05,0.00846946765027312,8.94979230274446,0.00277501,---
rs58722170,1,38096421,Ovarian Cancer,C,0.23,1.08,9.7e-05,1_38096421_G_C,C,G,0.2097,0.0047,0.0225,0.8359,rs58722170:38096421:G:C,1,38096421,C,G,0.218847,0.219311,0.916128,76167,-0.00294914,0.0132485,0.0132484282302248,0.049552,0.0495521,0.823845,0.823844,rs58722170,1,38096421,C,G,0.223575,0.224418,1,138508,-0.0024203,0.00943255,0.0094328320115918,0.0658385,0.0658346,0.797495,0.797501,C,G,-0.0018879974330731,5.38101414289538e-05,0.00733553961402662,0.0662427975960056,0.796888,+--
rs635634,9,136155000,Ovarian Cancer,T,0.19,1.11,1.1e-07,9_136155000_C_T,T,C,0.198,0.0347,0.022,0.115,rs635634:136155000:C:T,9,136155000,T,C,0.201528,0.208802,0.903858,76167,0.0582134,0.0136383,0.0136361814429594,18.2189,18.2247,1.96915e-05,1.96316e-05,rs635634:136155000:C:T,9,136155000,T,C,0.202798,0.208467,0.999713,138508,0.0312499,0.00979037,0.00978568266467738,10.1882,10.198,0.00141342,0.00140593,T,C,0.0397308193426736,5.69418180538595e-05,0.00754598025798236,27.7219460071872,1.40065e-07,+++
rs6456822,6,28480635,Ovarian Cancer,C,0.31,0.93,9e-05,6_28480635_T_C,C,T,0.3106,0.0211,0.0189,0.2636,rs6456822:28480635:T:C,6,28480635,C,T,0.310477,0.317703,0.999574,76167,0.0352278,0.0112428,0.0112420548507927,9.81797,9.81928,0.00172815,0.00172692,rs6456822:28480635:T:C,6,28480635,C,T,0.307685,0.30622,0.999788,138508,0.00525791,0.00855512,0.0085547074656223,0.377724,0.37776,0.538824,0.538804,C,T,0.0166966872177134,4.17928178583994e-05,0.00646473648793201,6.67050891353393,0.00980212,+++
rs757210,17,36096515,Ovarian Cancer,A,0.63,1.11,8.2e-09,17_36096515_T_C,C,T,0.6166,0.0055,0.0187,0.7686,rs757210,17,36096515,C,T,0.629608,0.633028,1,76167,0.00706997,0.0108673,0.0108673127522118,0.423242,0.423244,0.515324,0.515323,rs757210,17,36096515,C,T,0.630535,0.627938,1,138508,-0.00457417,0.00815669,0.00815647795593005,0.314482,0.314499,0.574943,0.574932,C,T,0.000188089847679188,3.86288330410415e-05,0.006215209814724,0.000915838973504399,0.975857,++-
rs7651446,3,156406997,Ovarian Cancer,A,0.05,1.59,1.5e-38,3_156406997_G_T,T,G,0.0506,-0.0131,0.0405,0.7475,rs7651446,3,156406997,T,G,0.0510736,0.0511747,1,76167,0.0167091,0.0237633,0.02376313446296,0.494418,0.494423,0.481963,0.481961,chr3_156406997_G_T,3,156406997,T,G,0.0491581,0.0472387,1,138508,-0.00254349,0.0183931,0.0183939386549678,0.0191227,0.019121,0.890015,0.89002,T,G,0.00272908702139146,0.000190920849767915,0.0138174111094631,0.0390104903648871,0.843428,-+-
rs8170,19,17389704,Ovarian Cancer,A,0.19,1.18,2e-14,19_17389704_G_A,A,G,0.1924,0.0911,0.022,3.337e-05,rs8170,19,17389704,A,G,0.189513,0.19642,1,76167,0.0439391,0.0132235,0.0132222588376229,11.041,11.0431,0.000891188,0.000890179,rs8170,19,17389704,A,G,0.187529,0.190683,1,138508,0.0256423,0.0100833,0.0100793148671441,6.46708,6.4722,0.0109891,0.0109575,A,G,0.03876006696935,5.7798136181485e-05,0.00760250854530825,25.9929279856217,3.4267e-07,+++
rs9303542,17,46411500,Ovarian Cancer,G,0.27,1.14,4e-12,17_46411500_A_G,G,A,0.2693,0.0418,0.0197,0.03408,rs9303542,17,46411500,G,A,0.276403,0.27225,1,76167,-0.0212258,0.0116793,0.0116789517494255,3.30288,3.30309,0.0691585,0.0691497,rs9303542,17,46411500,G,A,0.273496,0.274334,1,138508,0.00687434,0.00884128,0.00884062420492772,0.60455,0.604639,0.436847,0.436813,G,A,0.00149052994791541,4.48673160833044e-05,0.00669830695648568,0.049516657548844,0.823906,+-+
